{
  "draws": [
    0.26236426446749106,
    0.9162907318741551,
    0.9162907318741551,
    -0.7419373447293773,
    0.7419373447293773,
    0.26236426446749106,
    0.26236426446749106,
    0.26236426446749106
  ],
  "nonces": [
    "63cbe1e459320dd7",
    "c13a5e122c6c4d0f",
    "10210489c610bf4f",
    "c3ca289055aa1764",
    "97a040da531b5d1a",
    "b8caa69fe90fb230",
    "b713e2be5f459704",
    "6dce4c364a5b1f2e"
  ],
  "mean": 0.3602548152022844,
  "sigma_w": 0.5368148432735871,
  "cache_read_tokens_total": 9984,
  "input_tokens_total": 10507,
  "refusals": 0,
  "comparisons": 8,
  "cost_nanodollars": 1012732
}
