{
  "draws": [
    0.4054651081081644,
    0.09531017980432493,
    0.26236426446749106,
    0.1823215567939546,
    0.1823215567939546,
    0.09531017980432493,
    0.26236426446749106,
    0.26236426446749106
  ],
  "nonces": [
    "63cbe1e459320dd7",
    "c13a5e122c6c4d0f",
    "10210489c610bf4f",
    "c3ca289055aa1764",
    "97a040da531b5d1a",
    "b8caa69fe90fb230",
    "b713e2be5f459704",
    "6dce4c364a5b1f2e"
  ],
  "mean": 0.21847767183839958,
  "sigma_w": 0.10260701163639341,
  "cache_read_tokens_total": 12544,
  "input_tokens_total": 17059,
  "refusals": 0,
  "comparisons": 8,
  "cost_nanodollars": 5263050
}
