{
  "draws": [
    0.1823215567939546,
    0.1823215567939546,
    0.26236426446749106,
    0.4054651081081644,
    0.09531017980432493,
    0.1823215567939546,
    0.1823215567939546,
    0.09531017980432493
  ],
  "nonces": [
    "63cbe1e459320dd7",
    "c13a5e122c6c4d0f",
    "10210489c610bf4f",
    "c3ca289055aa1764",
    "97a040da531b5d1a",
    "b8caa69fe90fb230",
    "b713e2be5f459704",
    "6dce4c364a5b1f2e"
  ],
  "mean": 0.1984669949200155,
  "sigma_w": 0.09946746605070125,
  "cache_read_tokens_total": 0,
  "input_tokens_total": 10483,
  "refusals": 0,
  "comparisons": 8,
  "cost_nanodollars": 8798250
}
