{"signal density: how much load-bearing insight it carries per word": {"c1002": 0.31667328305209047, "c1038": -0.5616348701101549, "c1245": -1.0192595053460598, "c1279": 1.0792640845235795, "c131": 0.8121964836760169, "c1438": 0.7781093827159808, "c1457": 1.6653027354515895, "c1534": -0.03630589337943288, "c1677": -0.5562833184496889, "c1782": 0.3315033678954211, "c1807": -0.5432669752982318, "c1842": -0.01290354372566832, "c1873": 1.1235899642111395, "c1925": 0.1224122024045522, "c2159": -0.2505273998343703, "c2173": -0.1954126157722058, "c223": 0.4899302008537481, "c2241": 0.8380570997046087, "c2278": 0.6757350965069664, "c2313": 0.10589026512531874, "c239": 0.4436134027942794, "c2433": 0.5495401356865226, "c250": 1.0323638554567791, "c2586": 1.5756084624331177, "c2663": 0.0027991793372122986, "c2669": -1.1787137030758394, "c2746": -0.013810319934298605, "c2774": 0.5668816214506089, "c2818": -0.21109757577521632, "c2896": -0.11264003891020784, "c2903": -0.4149963215644143, "c2904": -0.6004858060000116, "c2977": -1.8188362393763673, "c2992": 0.4694933456547447, "c2999": 0.004104320575691656, "c3011": 0.4768230553960534, "c3012": -0.46935865279107963, "c3039": 0.48168614301872215, "c3045": -1.6369178289845476, "c3114": 0.5288635663673669, "c3123": 0.2348794107257295, "c3128": -1.6084520034855392, "c3158": 0.6176026225419179, "c3165": -0.20482767569536636, "c3228": 0.480517369342573, "c3242": 0.2896307720657665, "c3272": 0.039320396517561786, "c3281": 0.27294661341213117, "c3293": 0.8994720244971048, "c3330": 0.6386175383465569, "c3337": 1.0382893134538937, "c3410": -0.09096057020039704, "c3525": -0.09674720233431298, "c3562": -0.08271943040683796, "c3577": 0.047125689936346526, "c3636": -1.831408614019409, "c3658": 2.1714201195943685, "c3672": 0.9307804078216397, "c3704": 2.0811898847735075, "c3782": 0.8047913579634349, "c379": 1.2372410008379346, "c3872": 0.9972901025062775, "c4034": -3.1208157831379966, "c4079": -0.9194311291665275, "c4146": 1.1355545375219673, "c4177": -0.09680623360574403, "c4255": 1.0179131184335, "c4285": 0.3068764797731049, "c4320": 0.7318204866567004, "c4324": 0.34278768232529033, "c434": 0.2728867098918545, "c4521": -1.487804031197594, "c4550": 0.3058869472843183, "c4615": -0.4171260092850456, "c4622": 0.4213256425398746, "c4627": -1.325457907882063, "c4649": -1.6207872185079086, "c4670": -1.4146531180341382, "c4673": -0.6304282157646527, "c4984": 0.7550585140300392, "c4999": 0.8088460033196747, "c5068": 0.14634281170215735, "c5095": 0.3364464486996399, "c5119": -0.5899462564714552, "c5157": 0.37374886394905155, "c5159": 0.11423097191585418, "c5186": -0.5499087229319695, "c5199": 0.3106423193259345, "c5262": 1.3448185653070865, "c5317": 0.3349066039309657, "c5330": -0.5993678850155209, "c5342": -0.09808496592854432, "c543": 0.4834656978639978, "c5511": 0.282061787764943, "c5528": -1.4204476855979875, "c5552": -0.9220501327559399, "c5580": 1.5440583649883788, "c5587": -0.82241934050219, "c5595": -1.4324105666803368, "c5603": -1.6771890354464687, "c5659": -1.9178073125014943, "c5676": 0.929392889639614, "c5709": -2.0948852053227953, "c5710": -1.287476160381904, "c5734": -1.284729452688109, "c5760": 0.7645380173557935, "c5774": -1.1997258080178435, "c5779": -1.4089940810226005, "c578": 0.868029567619777, "c5856": -0.2700551483203288, "c640": 0.8882841602111076, "c671": -0.8503385034144955, "c686": -0.8468539852640317, "c696": 0.8664665278656558, "c729": 1.0098037262901793, "c858": -0.6769029176870739, "c889": 0.1195262160558159, "c891": -0.0794660065228053, "c90": -0.2471653371156666, "c924": 0.7898247197497772}, "intellectual ambition: how large and consequential the problem it reaches for": {"c1002": 1.1675800027616376, "c1038": -0.6301851393553559, "c1245": 0.04696770862111849, "c1279": 0.6609890049382385, "c131": 0.2454105138028242, "c1438": 1.6459594487924227, "c1457": 1.2830387071779155, "c1534": 0.7771176256235474, "c1677": 0.6668093069688908, "c1782": 0.3644290866179818, "c1807": -1.6499487019276897, "c1842": -0.44550498517145476, "c1873": 0.6155797939232284, "c1925": -0.4404894083333605, "c2159": -0.47321361266105266, "c2173": 1.0833723163782634, "c223": 0.1993153575871178, "c2241": -0.3331796560758917, "c2278": 1.1610097571585185, "c2313": -0.5786916249328887, "c239": -0.47251772969566963, "c2433": -0.7679788717937781, "c250": -0.07713945013972223, "c2586": 0.6588367267613064, "c2663": -0.415960435574388, "c2669": -1.3374342398383265, "c2746": 0.5575645596629607, "c2774": -0.7885031390226516, "c2818": -1.0492728426850304, "c2896": 0.028080851824317396, "c2903": -1.2077389468625586, "c2904": -1.0628442827943827, "c2977": -0.3378201114189193, "c2992": 0.7083889391749257, "c2999": -0.7868326305322637, "c3011": -0.535715609073385, "c3012": -0.33324722226683445, "c3039": -0.6232673180391158, "c3045": -0.5560810183830891, "c3114": 1.1742961295833734, "c3123": 0.3791375684242402, "c3128": -1.1762946158801226, "c3158": -0.010189005421996696, "c3165": -0.6390209837451144, "c3228": 0.31523662632943983, "c3242": 0.414643534471596, "c3272": -0.19854838312758308, "c3281": -0.03561824514353591, "c3293": 1.1380419454290451, "c3330": 0.9945045312108018, "c3337": 1.0862533673443584, "c3410": -0.3736193971437807, "c3525": 0.7475167818926434, "c3562": -0.8467082386864075, "c3577": 0.2524194994055564, "c3636": -1.8894366135563452, "c3658": 0.967096399223255, "c3672": 1.2464519804427683, "c3704": -0.190008320529386, "c3782": 1.0831580147686988, "c379": 1.4365926029145277, "c3872": 0.4634989054454665, "c4034": -1.6344135179425159, "c4079": -1.1940772414724696, "c4146": 0.034249176810323786, "c4177": -0.29030463348170493, "c4255": 1.25702361297576, "c4285": 1.219667701186931, "c4320": 1.076014956451753, "c4324": 1.1311629278392532, "c434": 0.6218142486548948, "c4521": -1.6363399912624126, "c4550": 0.27900598831826834, "c4615": 0.5821502835017347, "c4622": 0.48063249691455956, "c4627": -1.658220389832664, "c4649": -1.698094047613476, "c4670": -1.3333939130897339, "c4673": -0.5485405501812541, "c4984": -0.0032067880353569694, "c4999": 0.9185263099559738, "c5068": 0.26996257567692905, "c5095": 0.7685466326465886, "c5119": -0.5340206701337422, "c5157": 0.270477596064385, "c5159": 0.2748436333964718, "c5186": 0.6366768136833609, "c5199": -0.16198581531376183, "c5262": 1.463417970233443, "c5317": 0.5166058762745934, "c5330": -0.9531238904194588, "c5342": -0.5905949778149696, "c543": 1.7055421449415447, "c5511": 0.21883129968525494, "c5528": -0.8235742484228692, "c5552": -1.4075412848588646, "c5580": 1.5737580573851404, "c5587": -2.8908533856276497, "c5595": -1.722898415734186, "c5603": -1.838758305289178, "c5659": -1.3098330869380108, "c5676": 0.4816299367165342, "c5709": -1.3358741231415738, "c5710": -0.7170775685450932, "c5734": -0.8295733687847814, "c5760": 1.3449893298222912, "c5774": -0.23870148836454874, "c5779": -1.502379793976429, "c578": 1.4208843667696556, "c5856": -0.8938285042640394, "c640": 1.589626424903372, "c671": -0.056897721698003126, "c686": -0.07354087768301742, "c696": 1.2587516568804262, "c729": 1.6113454332763337, "c858": 0.3693641390908274, "c889": -0.40875905934858836, "c891": -0.10906374792451531, "c90": 0.540411094120429, "c924": 1.1732719081688248}, "epistemic rigor: how carefully claims are grounded, qualified, and checkable": {"c1002": -0.6219967789989786, "c1038": 0.4942600689215796, "c1245": -1.4423398256561644, "c1279": 0.7800954789364518, "c131": 0.5623619659518366, "c1438": -0.3136092521797512, "c1457": -0.8713079000811876, "c1534": -0.7858082968472637, "c1677": -1.2131467727707002, "c1782": -0.27406444542218583, "c1807": 1.3199159628266146, "c1842": 0.5393513712055007, "c1873": -0.16005044327780035, "c1925": 0.3554289977953842, "c2159": -0.5744186503244106, "c2173": -1.8163345259354209, "c223": -1.2152898277835331, "c2241": 0.06975113006480517, "c2278": -0.9797560976417276, "c2313": 0.6703746445495049, "c239": -0.5893009492197379, "c2433": 1.1841828701987929, "c250": 2.0153977479017766,