{
  "candidates": [
    {
      "prompt": "illuminates principles for a flourishing life",
      "transmissibility": 0.8571428571428572,
      "signal_nats": 0.4912717298134733,
      "redundancy": null,
      "latents_per_judge": [
        [
          2.1779815240390348,
          2.37569705858706,
          1.6972620277699912,
          2.1554427498596387,
          1.6492445124919395,
          2.3257001337079184,
          1.5863527311052348,
          0.0
        ],
        [
          1.2937591528075283,
          1.2485180927795017,
          0.8528261951250071,
          1.3096720036012255,
          0.8069532558442756,
          1.306025565806929,
          0.7611651040306788,
          0.0
        ],
        [
          0.7554594139581431,
          0.8967275109441104,
          0.6131395049949258,
          0.8208243252497939,
          0.6657163890477313,
          1.148356736099272,
          0.3490166690411501,
          0.0
        ]
      ]
    },
    {
      "prompt": "depth of insight about living well",
      "transmissibility": 0.8492063492063492,
      "signal_nats": 0.8315304601031962,
      "redundancy": null,
      "latents_per_judge": [
        [
          3.9754392269147703,
          4.30256800982257,
          3.7102908943101776,
          3.757456245313812,
          3.252314129209819,
          3.8339719349018684,
          2.622055151279606,
          0.0
        ],
        [
          1.8192508187529177,
          1.8503167681111994,
          1.556826864569108,
          1.4209089317218773,
          1.1820902524430492,
          1.4909709427457718,
          0.892286190809048,
          0.0
        ],
        [
          1.8044999647958386,
          1.967850264918636,
          1.5894063962105496,
          1.674852226934755,
          1.668726182634863,
          1.6566906541878037,
          0.0,
          0.6555873546808222
        ]
      ]
    },
    {
      "prompt": "reveals profound truths about human well-being",
      "transmissibility": 0.7777777777777777,
      "signal_nats": 0.5911333684536549,
      "redundancy": null,
      "latents_per_judge": [
        [
          2.449340838563743,
          3.0757152275943564,
          2.510688362586553,
          2.515650941745886,
          1.953355496313734,
          2.44232430322006,
          1.4605626987891136,
          0.0
        ],
        [
          1.5479624191984367,
          1.6883997442973142,
          1.3437307005171584,
          1.4316566376875113,
          0.96526201217155,
          1.3556615102305432,
          0.7343830334456856,
          0.0
        ],
        [
          0.8058501543677812,
          1.1471775090335519,
          0.651578534951004,
          0.8682690460311057,
          0.8145475858397188,
          1.0351232154875811,
          0.0,
          0.23893687988552004
        ]
      ]
    },
    {
      "prompt": "offers actionable wisdom for ethical living",
      "transmissibility": 0.7380952380952381,
      "signal_nats": 0.5500659584870187,
      "redundancy": null,
      "latents_per_judge": [
        [
          2.0335630194284326,
          1.824462190494239,
          1.1098050399711676,
          1.711174313242288,
          1.1703759342689288,
          1.8126099459821363,
          0.7261645947324964,
          0.0
        ],
        [
          1.2041972592236758,
          1.1710925947894077,
          0.6302942442816069,
          1.1944402420849853,
          0.7244957159853398,
          1.5424197244041082,
          0.6706880894721777,
          0.0
        ],
        [
          1.4909284535984564,
          1.4076901119190484,
          1.2187822429225255,
          1.513074298930879,
          1.6175461100564146,
          1.6963498428675154,
          0.0,
          0.5872251867813079
        ]
      ]
    }
  ],
  "judges": [
    "google/gemini-2.5-flash",
    "anthropic/claude-haiku-4.5",
    "openai/gpt-5.4-mini"
  ],
  "comparisons_used": 384,
  "cost_nanodollars": 266260900
}
