{
  "coefficients": [
    0.8517256001882936,
    0.3701426035980465,
    0.098192260457073,
    -0.5516268544437806,
    0.3701426035980466,
    0.08329199038866109,
    -0.18865835275231244,
    0.098192260457073
  ],
  "energies": [
    0.7254364980161089,
    0.1370055469983406,
    0.00964172001366966,
    0.3042921865435399,
    0.13700554699834067,
    0.006937555662904811,
    0.03559197406321595,
    0.00964172001366966
  ],
  "coherence": 0.5312401874728139,
  "parseval_residual": 4.440892098500626e-16,
  "orbit": [
    1.1314021114911006,
    1.1314021114911006,
    2.2192034840549946,
    0.4054651081081644,
    0.4054651081081644,
    1.1314021114911006,
    1.1314021114911006,
    -0.7419373447293773
  ],
  "refusals": 0,
  "comparisons": 8,
  "comparisons_cached": 0,
  "cost_nanodollars": 3174000
}
