{
  "coefficients": [
    1.3649310004950643,
    0.2166249717526415,
    0.09092660873545996,
    -0.03353299832433493,
    0.1447044536396963,
    -0.0873108432285713,
    -0.10545351643728015,
    -0.22991312349707502
  ],
  "energies": [
    1.8630366361124573,
    0.04692637838683273,
    0.008267648176131424,
    0.001124461976619849,
    0.020939378903163018,
    0.007623183345284155,
    0.011120444128987715,
    0.05286004435618127
  ],
  "coherence": 0.9260094068902541,
  "parseval_residual": 0.0,
  "orbit": [
    1.3609765531356006,
    1.62924053973028,
    1.916922612182061,
    1.1314021114911006,
    1.916922612182061,
    0.9162907318741551,
    1.1314021114911006,
    0.9162907318741551
  ],
  "refusals": 0,
  "comparisons": 8,
  "comparisons_cached": 0,
  "cost_nanodollars": 1515400
}
