{
  "coefficients": [
    1.1619067994501073,
    -0.026888922452118186,
    -0.026888922452118214,
    -0.08428253286324319,
    -0.030504687959006793,
    0.026888922452118186,
    0.026888922452118214,
    0.08428253286324319
  ],
  "energies": [
    1.350027410608392,
    0.0007230141506360255,
    0.000723014150636027,
    0.007103545345843669,
    0.000930535987476374,
    0.0007230141506360255,
    0.000723014150636027,
    0.007103545345843669
  ],
  "coherence": 0.9868209569891269,
  "parseval_residual": 0.0,
  "orbit": [
    1.1314021114911006,
    1.1314021114911006,
    1.1314021114911006,
    1.1314021114911006,
    0.9162907318741551,
    1.3609765531356006,
    1.3609765531356006,
    1.1314021114911006
  ],
  "refusals": 0,
  "comparisons": 8,
  "comparisons_cached": 0,
  "cost_nanodollars": 13068000
}
