{
  "coefficients": [
    -2.3862138503296055,
    -0.08138132953806904,
    0.005811111569835714,
    0.08138132953806904,
    0.005811111569835714,
    0.08138132953806904,
    -0.005811111569835603,
    -0.24258058424284462
  ],
  "energies": [
    5.694016539504841,
    0.0066229207973837875,
    0.0000337690176770785,
    0.0066229207973837875,
    0.0000337690176770785,
    0.0066229207973837875,
    0.000033769017677077204,
    0.058845339851599836
  ],
  "coherence": 0.9863471845368468,
  "parseval_residual": 1.7763568394002505e-15,
  "orbit": [
    -2.5416019934645457,
    -2.2192034840549946,
    -2.2192034840549946,
    -2.5416019934645457,
    -2.2192034840549946,
    -2.5416019934645457,
    -2.8903717578961645,
    -1.916922612182061
  ],
  "refusals": 0,
  "comparisons": 8,
  "comparisons_cached": 0,
  "cost_nanodollars": 92864400
}
